video_url,user_url,username,title,view_num,created_at,shortdesc,collected_at
/watch?v=owz2JyWMwkE&pp=ygUOSG9pIEFuIFZpZXRuYW0%3D,/@laistahir,Lais,"ULTIMATE Hoi An Vietnam Travel Guide 2026 - What to do in Hoi An, Vietnam",145K,1 year,"vietnam #hoian #travel Discover Hoi An Vietnam in this One-day travel documentary, perfect for first-time visitors. How to Spend a¬†...",2026-01-21 22:43:30.820682
/watch?v=CM_PAqBUiew&pp=ygUOSG9pIEFuIFZpZXRuYW0%3D,/@AdventuresofAplusK,Adventures of A+K,"The ULTIMATE 3 days in Hoi An, Vietnam | Ancient Town, basket boats, lantern making, & MORE!",412K,2 years,"Planning a trip to Vietnam? Check out our Vietnam eBook: https://adventuresofaplusk.com/vietnam-ebook/ We made it to Hoi An,¬†...",2026-01-21 22:43:30.822783
/watch?v=l2QXlbsA33g&pp=ygUOSG9pIEFuIFZpZXRuYW0%3D,/@neek_and_kiel,Neek and Kiel,"Da Nang and Hoi An Vietnam | Food, Coffee, Old Town Vibes & Culture",19K,3 weeks,Da Nang and Hoi An Vietnam completely surprised us - from a Michelin-rated meal and riverside coffee culture in Da Nang to the¬†...,2026-01-21 22:43:30.824700
/watch?v=4XIAXqCAIVs&pp=ygUOSG9pIEFuIFZpZXRuYW0%3D,/@ExoticVacation,Exotic Vacation,How to Spend 2 Days in HOI AN Vietnam  | Travel Itinerary,66K,1 year,"Ready to dive into the magical atmosphere of Hoi An, Vietnam? We're excited to guide you through the ultimate two-day¬†...",2026-01-21 22:43:30.826571
/watch?v=9zMH-fGWhXU&pp=ygUOSG9pIEFuIFZpZXRuYW0%3D,/@travelsfromyesterday,Travels from Yesterday,"HOI AN, VIETNAM: A No-Fluff Travel Guide (2026)",54K,1 year,"If planning your trip to Vietnam feels overwhelming, get in touch with our friend Adam! He's been a tour guide all over Vietnam and¬†...",2026-01-21 22:43:30.828760
/watch?v=73E9TzGcB4E&pp=ygUOSG9pIEFuIFZpZXRuYW0%3D,/@beforeyougotravel,Before You Go,Hoi An Vietnam Travel Guide: 11 BEST Things To Do In Hoi An,281K,2 years,How to find cheap flights and travel more: https://travelforalmostfree.com/ref=beforeyougo2 // This Hoi An travel guide shares the¬†...,2026-01-21 22:43:30.829965
/watch?v=lz_4jd69jO0&pp=ygUOSG9pIEFuIFZpZXRuYW0%3D,/@erikssc,travel by erikssc,"HOI AN, Vietnam - The Essential - Tours, Shopping, Food, Nightlife",124K,1 year,In this video I give all the information you need for your first visit to Hoi An in Vietnam. I will show you around the city centre with¬†...,2026-01-21 22:43:30.831700
/watch?v=hhM2v_JQ5TQ&pp=ygUOSG9pIEFuIFZpZXRuYW0%3D,/@adamandyaz,Adam & Yaz,"What It‚Äôs REALLY Like To Visit Hoi An, Vietnam (Our HONEST Review)",78K,7 months,"Get Your LEVEL 8 Luggage https://bit.ly/level8adamandyaz Use code ""A&Y10"" for 10% off! We've finally made it to the city of¬†...",2026-01-21 22:43:30.833366
/watch?v=8v1rb8kPE3k&pp=ygUOSG9pIEFuIFZpZXRuYW0%3D,/@PaddyDoyle.,Paddy Doyle,the BEST of HOI AN üáªüá≥ VIETNAM by MOTORBIKE Ep:20,230K,3 years,Get the COMPLETE Vietnam Travel Guide here - https://tinyurl.com/3rw3zetk USE CODE - VIETNAM5 for $5 OFF whilst¬†...,2026-01-21 22:43:30.834675
/watch?v=cm50M7kCV98&pp=ygUOSG9pIEFuIFZpZXRuYW0%3D,/@4KWorldWandering,World Wanderings: 4K Walking Tours,"HOI AN, Vietnam Walking Tour (UNESCO World Heritage Site) üáªüá≥ H·ªôian Vietnam Lantern Town 4K HDR",89K,1 year,"Join me on a mesmerizing 4K walking tour through the enchanting streets of Hoi An, Vietnam! This city is a visual feast, brimming¬†...",2026-01-21 22:43:30.836301
/watch?v=JiLbF9V7kXs&pp=ygUOSG9pIEFuIFZpZXRuYW0%3D,/@geotrails.official,GeoTrails,Hoi An Vietnam Travel Guide - Things to do in Hoi An Vietnam,2.4K,4 months,"Discover the charm and magic of Hoi An with this Hoi An Vietnam Travel Guide! From lantern-lit streets to peaceful boat rides, this¬†...",2026-01-21 22:43:30.837779
/watch?v=uqid6ygxneQ&pp=ygUOSG9pIEFuIFZpZXRuYW0%3D,/@JooseTheNomad,Joose the Nomad,"HOI AN, VIETNAM First Impressions - Better than DA NANG?",78K,10 months,"In this vlog, I show you how Hoi An, Vietnam is now! Watch until the end to see how everything is in this magical beach town like¬†...",2026-01-21 22:43:30.839338
/watch?v=T4hrKJ2odIE&pp=ygUOSG9pIEFuIFZpZXRuYW0%3D,/@TravelEscapesVlogs,Travel Escapes,1st Day in Hoi An Vietnam üáªüá≥ (Worth the Hype?),116K,3 months,"Is Hoi An Vietnam Overrated? Hoi An, Vietnam is one of the most popular towns in Vietnam. It's known for the photogenic colonial¬†...",2026-01-21 22:43:30.840836
/watch?v=dB0669Ef8kA&pp=ygUOSG9pIEFuIFZpZXRuYW0%3D,/@FloraandNote,Flora and Note,"First Day in HOI AN, VIETNAM üáªüá≥ It's So Beautiful Here!",234K,2 years,"If you're interested in booking the same tour that we did, check it out here: https://bit.ly/floraandnoteHoiAn It's our first day in Hoi An¬†...",2026-01-21 22:43:30.844115
/watch?v=sEN_cw1vRd0&t=915s&pp=ygUOSG9pIEFuIFZpZXRuYW0%3D,/@oldaloneandfarfromhome,"Old, Alone and Far From Home",Hoi An: Is This Vietnam's Most Beautiful Town?,19K,8 months,"People who have been to Hoi An, Vietnam rave about the town. After visiting, count me as a member of that group. There is¬†...",2026-01-21 22:43:30.846221
/watch?v=6UWeYN1V2pQ&pp=ygUOSG9pIEFuIFZpZXRuYW0%3D,/@PuriandSue,Puri and Sue,22 Things to do in Hoi An and Da Nang - 5D4N Itinerary | Vietnam,624K,2 years,"Hoi An and Da Nang is one of the top travel destinations in Vietnam. In this video, we spent 5 days and 4 nights exploring the¬†...",2026-01-21 22:43:30.848108
/watch?v=b3Sy3QhNdqY&pp=ygUOSG9pIEFuIFZpZXRuYW0%3D,/@DianaNevenTravel,Diana Neven,Exploring Hoi An Vietnam üáªüá≥ Best Street Food & Things to do ! Travel Guide 2025,16K,3 months,"Here are the best things to do in Hoi An , Vietnam Travel Guide: Step into the magic of Hoi An, Vietnam In this travel vlog, we¬†...",2026-01-21 22:43:30.849691
/watch?v=cq5bktcVixg&pp=ygUOSG9pIEFuIFZpZXRuYW3SBwkJhwoBhyohjO8%3D,/@DaneAndStacey,Dane and Stacey,"How Is HOI AN Vietnam? With PRICES üí∞ (Ancient Town, Coffee & Food) | Vlog 1 of 11",151K,1 year,"7-years later we're back in Vietnam and exploring Hoi An - how has it changed? The Ancient Town is the highlight, but¬†...",2026-01-21 22:43:30.851707
/watch?v=P2w-XDS4gJg&pp=ygUOSG9pIEFuIFZpZXRuYW0%3D,/@travelforphoebe,Travel For Phoebe,48 Hours exploring Hoi An OLD TOWN üáªüá≥ (must try food + tips),151K,1 year,"Visiting Hoi An? Watch this first! I spent a few days exploring the charming, historic Old Town, uncovering some of the very best¬†...",2026-01-21 22:43:30.853650
/watch?v=BVEo-8oojOM&pp=ygUOSG9pIEFuIFZpZXRuYW0%3D,/@TravellingWithCon,Travelling With Con,"üáªüá≥ Five things you MUST NOT do in HOI AN, VIETNAM! ‚õîÔ∏è",53K,1 year,Earn a FREE ¬£25 and Learn how to MAKE MONEY ONLINE to fund your travels with Oddsmonkey!,2026-01-21 22:43:30.855295
/watch?v=xb5FSKD-qIc&pp=ygUOSG9pIEFuIFZpZXRuYW0%3D,/@2ticketsoneadventure,2 Tickets One Adventure,Life in Hoi An After Historic Rainfall | Post-Flood Update üáªüá≥,9.5K,2 months,"After historic rainfall and flooding in Hoi An, Vietnam, we returned to capture how life looks now. This cinematic travel vlog shows¬†...",2026-01-21 22:43:38.690981
/watch?v=cQLNkRFtlGI&pp=ygUOSG9pIEFuIFZpZXRuYW0%3D,/@laistahir,Lais,3 Days in Da Nang & Hoi An Vietnam 2026 - A Travel Guide for First-Time Visitors,104K,4 months,"vietnam #danang #hoian After living and travelling across Vietnam for over a year, I'm sharing my personal 3-day itinerary for Da¬†...",2026-01-21 22:43:38.693169
/watch?v=N32p9ncZ1hw&pp=ygUOSG9pIEFuIFZpZXRuYW0%3D,/@viphamy,vi pham,"HOI AN Vlog ü™∑üáªüá≥| cafe hopping, night markets, Ba Na Hills, 5 day Vietnam travel vlog",5K,7 months,Hi friends! Welcome to the third episode of my Vietnam diaries! We'll be visiting the city of Lanterns aka Hoi An! This was my¬†...,2026-01-21 22:43:38.694554
/shorts/keXXf7b1uqw,/@karenexplores,Karen Explores,"8 THINGS TO DO IN HOI AN, VIETNAM üèÆ‚ú®| Hoi An Itinerary #vietnamtravel #h·ªôian #vietnamesefood",402K,1 year,... dishes that are exclusive to Central Vietnam and Hoang seek there is an abundance of charming cafes in hang and finding one¬†...,2026-01-21 22:43:38.696061
/watch?v=rDhCOfO3aI0&pp=ygUOSG9pIEFuIFZpZXRuYW0%3D,/@danny_and_diggy,Danny & Diggy,What is like HOI AN VIETNAM 2025 (with PRICES),11K,3 months,Hey! We are travel couple who love to travel and eat a lot of good food In this video we will show you what is like Hoi An¬†...,2026-01-21 22:43:38.697938
/watch?v=LwQkm6VwWXc&pp=ygUOSG9pIEFuIFZpZXRuYW0%3D,/@MaliaRamos,Malia Ramos,"VIETNAM diaries üáªüá≥ 4 days in da nang itineray, hoi an day trip, local eats, ba na hills + prices",73K,8 months,"come with me to da nang, vietnam finally kicking off our first leg of our trip in central vietnam where we explored the beaches¬†...",2026-01-21 22:43:38.699932
/watch?v=ZPQwDxCvhV8&pp=ygUOSG9pIEFuIFZpZXRuYW0%3D,/@thecenzons,The Cenzons,Hoi An Vietnam for first timers | Activities plus hotel Travel Guide AUG 2025,21K,4 months,"Thank you for watching Hoi An Vietnam first episode! See you on the next one! For more Vietnam travel tips, please check¬†...",2026-01-21 22:43:38.701302
/watch?v=OfLWoRJ9pBo&pp=ygUOSG9pIEFuIFZpZXRuYW3SBwkJhwoBhyohjO8%3D,/@ririRegine,Riri Travels,VIETNAM VLOG | 7 days in Ninh Binh & Hoi An,255K,1 year,"Ninh Binh deserves more than just a day trip. Join me in spending 4 days there, then we take a flight and head down to the¬†...",2026-01-21 22:43:38.703369
/watch?v=4m-p3HF5W0M&pp=ygUOSG9pIEFuIFZpZXRuYW0%3D,/@FloraandNote,Flora and Note,Ultimate HOI AN STREET FOOD Tour üáªüá≥ (Eating Like A Local In Vietnam),165K,2 years,Travelpayouts is a must for travel bloggers who want to have an additional source of income. Click and register here¬†...,2026-01-21 22:43:38.706157
/watch?v=fNOfkNc9AJE&pp=ygUOSG9pIEFuIFZpZXRuYW0%3D,/@Benn_TK,Benn TK,"Hoi An, Vietnam, The most BEAUTIFUL City in the world (City of lanterns)",1M,8 years,"Hoi an is a beautiful town located towards the middle of Vietnam on the coast, 45 min away from the city of Da Nang, this is a must¬†...",2026-01-21 22:43:38.707534
/watch?v=KBRq1oW7eBQ&pp=ygUOSG9pIEFuIFZpZXRuYW0%3D,/@HungryTwoTravel,Hungry Two Travel,"ULTIMATE Vietnamese Street Food Tour in Hoi An, Vietnam üáªüá≥ Most UNDERRATED Food City in Vietnam?",19K,7 months,"Ultimate Vietnamese street food tour in Hoi An, Vietnam. Is this the most underrated food city in Vietnam? SUBSCRIBE FOR¬†...",2026-01-21 22:43:38.709607
/watch?v=2Yp7EEEkRtw&pp=ygUOSG9pIEFuIFZpZXRuYW0%3D,/@overkillsingapore,Overkill Singapore,"What To Do And Eat In Da Nang and Hoi An, Vietnam! | 5D4N Travel Guide",229K,2 years,"Our new series is all about exploration and unforgettable experiences. In each episode, we're sending a team - one host, one¬†...",2026-01-21 22:43:38.711539
/watch?v=UR_gnJ-lBz8&pp=ygUOSG9pIEFuIFZpZXRuYW0%3D,/@DuckTravel,DuckTravelËµ∞È¥®ÊóÖË°å,"Hoi An, Vietnamüáªüá≥ The Most Charming Ancient Town in Southeast Asia (4K UHD)",206K,1 year,"Hoi An (H·ªôi An), a UNESCO World Heritage Site, is a charming and well-preserved town located in central Vietnam. Known for its¬†...",2026-01-21 22:43:38.713562
/watch?v=BXFSCxLwNcw&pp=ygUOSG9pIEFuIFZpZXRuYW0%3D,/@NataliesPassport,Natalie's Passport,"3 Days in HOI AN üáªüá≥ My FAVORITE Place in Vietnam: Hoi An Ancient Town, An Bang Beach, Coconut Boats",25K,9 months,"In this Vietnam Travel Vlog, I spend a few days exploring Hoi An, Vietnam! Even though it was rainy for a lot of my time in Hoi An,¬†...",2026-01-21 22:43:38.717027
/watch?v=hpzpnjYZ2lE&pp=ygUOSG9pIEFuIFZpZXRuYW3SBwkJhwoBhyohjO8%3D,/@BrianandCarrie,Brian and Carrie,The BEST of HOI AN üáªüá≥ Travel to the CULTURAL GEM of Central Vietnam,59K,2 years,"Hello from Hoi An, Vietnam!! Hoi An is a charming and picturesque town located in central Vietnam, known for its well-preserved¬†...",2026-01-21 22:43:38.718658
/watch?v=v9a_eXBE1Hs&pp=ygUOSG9pIEFuIFZpZXRuYW3SBwkJhwoBhyohjO8%3D,/@adellecerna,Adelle,"2 Days in Da Nang, Vietnam üáªüá≥ (cafes, shopping, beach, river)",1.1K,11 hours,"Spend 2 days in Da Nang, Central Vietnam with me In this video, I explore the city through caf√©s, shopping, the beach, and¬†...",2026-01-21 22:43:38.721180
/watch?v=H69f2hOg_o8&pp=ygUOSG9pIEFuIFZpZXRuYW0%3D,/@Willtravelz,Will travelz ,Is Hoi An Better Than Da Nang? First Day In Hoi An Vietnam.,2.8K,3 months,Support the Channel** Love the content? Help keep it going with a coffee! [Buy Me a¬†...,2026-01-21 22:43:38.722420
/watch?v=c1S0iAiWCUo&pp=ygUOSG9pIEFuIFZpZXRuYW0%3D,/@danny_and_diggy,Danny & Diggy,5 DAYS in HOI AN now Vitenam 2025 (with PRICES) üáªüá≥,4.3K,3 months,We have spent 5 days in Hoi An Vietnam in 2025. In this Hoi An vlog we are sharing our experience of our Vietnam travel in 2025¬†...,2026-01-21 22:43:38.723740
/watch?v=r-tIz2ECjGU&pp=ygUOSG9pIEFuIFZpZXRuYW0%3D,/@chasbruns,Chas Bruns,"Things to do in Hoi An, Vietnam",23K,6 months,Get $10 off your Worldpackers membership! Use promo code DIRTCHEAP at https://bit.ly/3aoVNif Download Union House Band¬†...,2026-01-21 22:43:38.725044
/watch?v=YFlyMu0kFiY&pp=ygUOSG9pIEFuIFZpZXRuYW0%3D,/@BestEverFoodReviewShow,Best Ever Food Review Show,"Where to Eat in Hoi An, Vietnam! (Cocobox, Morning Glory, Nu Eatery)",828K,8 years,Best Hoi An Street Food ‚Üí https://www.youtube.com/watch?v=6x9TT-C2Ygs Join the notification squad! Click the BELL icon to get¬†...,2026-01-21 22:43:46.971014
/watch?v=6K_QqIY0bQU&pp=ygUOSG9pIEFuIFZpZXRuYW0%3D,/@RobandTali,Rob and Tali,"Living WELL in HOI AN, VIETNAM for $1000 per month",17K,8 months,Hoi An is one of the best locations to live or retire as a foreigner in Vietnam. But can you really live here for $1000 or less a month¬†...,2026-01-21 22:43:46.972638
/watch?v=Rosbxbl2t14&pp=ygUOSG9pIEFuIFZpZXRuYW0%3D,/@BarefootVlogger,Barefoot Vlogger,HOI AN Amazing at NIGHT: VIETNAM's Enchanting Ancient Town üáªüá≥,22K,1 year,"Taxi to Hoi An, the amazing, enchanting Ancient Town, to walk at night along the river, tour the city and eat some local Vietnamese¬†...",2026-01-21 22:43:46.973881
/watch?v=usagsNlc0o8&pp=ygUOSG9pIEFuIFZpZXRuYW0%3D,/@midlifebritabroad,Midlife Brit Abroad,"Hoi An, Vietnam ‚Äì I Couldn‚Äôt Believe This Place üáªüá≥‚ú®",3.1K,3 months,"I spent a full day exploring Hoi An, Vietnam, and it's easy to see why so many travellers fall in love with this town From a¬†...",2026-01-21 22:43:46.976046
/watch?v=gWfdc7JEWR0&pp=ygUOSG9pIEFuIFZpZXRuYW0%3D,/@thestaronline,The Star,Vietnam's ancient town Hoi An works to restore tourism after devastating floods,27K,2 months,Residents of Vietnam's UNESCO-listed ancient town of Hoi An began cleaning up on Saturday (Nov 1) as floodwaters receded¬†...,2026-01-21 22:43:46.977344
/watch?v=djiehBKhpbc&pp=ygUOSG9pIEFuIFZpZXRuYW0%3D,/@TripMoitoYT,Trip Moito,"13 Best Places To Visit In Hoi An, Vietnam",2K,6 months,"Think you've seen all of Hoi An by snapping a photo at the Japanese Bridge and buying a lantern? Think again. In this video, we¬†...",2026-01-21 22:43:46.978637
/watch?v=YZsy_fkWhwc&pp=ygUOSG9pIEFuIFZpZXRuYW0%3D,/@barrettish,Barrett Ishida,"Hoi An, Vietnam - Local Foods & Experiences",4.8K,4 months,"Traveling to Hoi An for the first time I explored this city in central Vietnam, and tried some local cuisine and street foods at¬†...",2026-01-21 22:43:46.980385
/watch?v=eVojMZKgDeY&pp=ygUOSG9pIEFuIFZpZXRuYW0%3D,/@ridewithgabi,Ride with Gabi,HOI AN üáªüá≥ 5 reasons why is quickly becoming my favorite place in South East Asia | Vietnam vlog,123K,2 years,I am back in Hoi An and in this video I am going to share with you the 5 main reasons why this little Vietnamese city is becoming¬†...,2026-01-21 22:43:46.982052
/watch?v=RWY8Y3NDKR8&pp=ygUOSG9pIEFuIFZpZXRuYW0%3D,/@AandJ-TravelstheWorld,A&J Travels the World,"How to Spend 2 Perfect Days in HOI AN, Vietnam üáªüá≥",8.2K,8 months,"How to Spend 2 Incredible Days in Hoi An, Vietnam | The Ultimate Travel Guide Thinking of visiting Hoi An, Vietnam? I spent 2¬†...",2026-01-21 22:43:46.983959
/watch?v=LYCKxraIZ1Q&pp=ygUOSG9pIEFuIFZpZXRuYW0%3D,/@ragerxrager,RAGER X RAGER,A HIDDEN GEM IN VIETNAM: HOI AN ANCIENT OLD TOWN üáªüá≥,22K,5 months,"Welcome to Hoi An, Vietnam! This is a special travel vlog where I take you to one of Southeast Asia's most beautifully preserved¬†...",2026-01-21 22:43:46.985656
/watch?v=VcCnrqrDJPM&pp=ygUOSG9pIEFuIFZpZXRuYW0%3D,/@JordanandEmily,Jordan and Emily,"you NEED to visit Hoi An, Vietnam üáªüá≥",25K,1 year,Hoi An has called us back again - We just couldn't miss the gorgeous city as we crossed from South to North. Because we've¬†...,2026-01-21 22:43:46.987766
/watch?v=s2eutcZzsgM&pp=ygUOSG9pIEFuIFZpZXRuYW0%3D,/@thecenzons,The Cenzons,Hidden gems and underrated places in Hoi An Vietnam | Travel Guide AUG 2025,12K,4 months,"Thank you for watching Hoi An Vietnam second episode! See you on Da Nang episode! For more Vietnam travel tips, please¬†...",2026-01-21 22:43:46.988915
/watch?v=vZlzrkbHRcc&pp=ygUOSG9pIEFuIFZpZXRuYW0%3D,/@docSammy.travels,Doc Sammy ,HOI AN VIETNAM üáªüá≥ BEST THING TO DO + COMPLETE 2 DAYS ITINERARY & GUIDE,7.4K,11 months,Here's a complete 2 DAYS ITINERARY GUIDE for HOI AN VIETNAM DAY 1 - Com Linh - Hoi An Market - Old House of Tanky - Hoi¬†...,2026-01-21 22:43:46.989998
/watch?v=fuIkctEafps&pp=ygUOSG9pIEFuIFZpZXRuYW0%3D,/channel/UC5WrayTqmGntbnsp6ZPzFbA,Powell Lumor,Hoi An Vietnam Is Back but still flooded! üåû After the Rain | 4K Virtual Walking Tour December 2025,2.1K,1 month,"In this 4K virtual walking tour (recorded on December 4, 2025), I explore the lively streets of Hoi An Old Town. The bridge is¬†...",2026-01-21 22:43:46.991506
/watch?v=3PSFVYso2nU&pp=ygUOSG9pIEFuIFZpZXRuYW0%3D,/@CrosbyGraceTravels,Crosby Grace Travels,"My life in HOI AN, VIETNAM in 2025 üáªüá≥ (should I move here?)",40K,8 months,I spent 3 weeks in the beautiful city of Hoi An and FELL IN LOVE with it! Check out Airalo's eSIMs here:¬†...,2026-01-21 22:43:46.993204
/shorts/vOmytDx_bik,/@marshallandaimee,Marshall and Aimee,"The Reality of Hoi An, Vietnam! üòçüòÇ #h·ªôian #vietnam #travelshorts",259K,3 years,Hoi An is beautiful and...chaotic. But mostly beautiful! This is one of our favorite places in Vietnam. @marshallandaimee¬†...,2026-01-21 22:43:46.994385
/watch?v=zYV9-kdzYuk&pp=ygUOSG9pIEFuIFZpZXRuYW0%3D,/@TwoCurlyHeadsWandering,Ana & Eduard | Two Curly Heads Wandering ,"Hoi An VIETNAM | Cheap Eats, People & Magical Lantern Nights | üáªüá≥",2.8K,5 months,"Join us as we explore the ancient town of H·ªôi An, Vietnam ‚Äì a UNESCO World Heritage Site packed with colourful lanterns, street¬†...",2026-01-21 22:43:46.996109
/watch?v=hdj2Ce4-4IA&pp=ygUOSG9pIEFuIFZpZXRuYW0%3D,/@GIRLINPARADISE,GIRL IN PARADISE,üáªüá≥üå¥ü•• SKIP DA NANG! ü§Ø Why HOI AN Beach Is 10x Better Than DA NANG! Hoi An Beach Will Blow You Away!,97K,6 months,HOI AN vs DA NANG BEACH üèùÔ∏è Which One Wins in 2025? The Internet LIED About Da Nang... Hoi An Beach Is the REAL¬†...,2026-01-21 22:43:46.998019
/watch?v=ljJCK_ZSrfg&pp=ygUOSG9pIEFuIFZpZXRuYW0%3D,/@lydiaandwehan,Lydia and Wehan,3 DAYS Exploring HOI AN üáªüá≥ (Vietnam),1.9K,5 months,This week we cycle to Hoi An and spend 3 days exploring. We hope you enjoy watching! Where We Stayed in Vietnam:¬†...,2026-01-21 22:43:57.435956
/watch?v=cfsZua08odM&t=4s&pp=ygUOSG9pIEFuIFZpZXRuYW0%3D,/@KenAndMina,Ken & Mina Travel,TOP 17 Things To Do In Hoi An üáªüá≥ Travel Guide,8.9K,2 years,"Known for its well-preserved Ancient Town, Hoi An Vietnam offers a glimpse into the past with its narrow streets, traditional¬†...",2026-01-21 22:43:57.438457
/watch?v=dM5IS_hC078&pp=ygUOSG9pIEFuIFZpZXRuYW0%3D,/@LADmob,LADmob,üáªüá≥ UNSEEN Night Walk of Hoi An | 4K HDR Vietnam Walking Tour in Old Town,12K,5 months,"This walking tour takes you through the magical streets of Hoi An, Vietnam at night, a side few ever get to see. Shot in 4K HDR,¬†...",2026-01-21 22:43:57.439764
/watch?v=SwKgzgyeUp8&pp=ygUOSG9pIEFuIFZpZXRuYW0%3D,/@HerHappyFace,HerHappyFace,"Da Nang and Hoi An VLOG (Vietnam) | Marble Mountains, Birthday in Ba Na Hills, Stuck Inside a CAVE üíÄ",16K,2 months,"Welcome to my channel! We spent 2 days in Da Nang and visited quite a few places during our time here! Flights, Visa, Transfers¬†...",2026-01-21 22:43:57.442149
/watch?v=BctBD9xrpB4&pp=ygUOSG9pIEFuIFZpZXRuYW0%3D,/@Truongfamilyadventures,Truong Family Adventures,"Hoi An Ancient Town, Vietnam üáªüá≥ WATCH This BEFORE You Go | Vietnam Travel Guide Vlog",4.7K,1 year,Truongfamilyadventures visited Hoi An Ancient town during the day time for the first time ever. The experience was kind of¬†...,2026-01-21 22:43:57.446054
/watch?v=vYLhDwXj-dY&pp=ygUOSG9pIEFuIFZpZXRuYW0%3D,/@traveleatvietnam,Travel Eat Vietnam,Where to Stay in Hoi An: Best Areas Near Ancient Town (2025 Guide!),29K,9 months,"Hoi An is one of Vietnam's most popular destinations. In this video, I'm going to share the best areas to stay near Hoi An's Old¬†...",2026-01-21 22:43:57.449532
/watch?v=YU9gatkUtpM&pp=ygUOSG9pIEFuIFZpZXRuYW0%3D,/channel/UC5WrayTqmGntbnsp6ZPzFbA,Powell Lumor,üî• Hoi An After the Floods üáªüá≥ What It‚Äôs Really Like Now (Walking Tour),3.6K,2 months,"Hoi An, Vietnam is finally back to normal after the recent floods ‚Äî and it's absolutely beautiful again! In this 4K virtual walking¬†...",2026-01-21 22:43:57.451223
/watch?v=tM__UP9O_F0&pp=ygUOSG9pIEFuIFZpZXRuYW0%3D,/@travelvietnam4k,TRAVEL VIETNAM 4K,"Hoi An, Vietnam | City Walk | Walking Tour of Market & Tourist Area | 4K 60fps",5.9K,3 months,"vietnam #travel #walkingtour Hoi An, Vietnam | City Walk | Walking Tour of Market & Tourist Area | 4K 60fps Start your morning¬†...",2026-01-21 22:43:57.452540
/watch?v=ujlQWRx5_g4&pp=ygUOSG9pIEFuIFZpZXRuYW0%3D,/@PuriandSue,Puri and Sue,"15 Vietnamese Street Food in Hoi An and Da Nang, Vietnam | What to Eat in Hoi An and Da Nang in 5D4N",189K,2 years,Hoi An and Da Nang are two popular travel destinations located in Central Vietnam. One of the highlights of our trip was¬†...,2026-01-21 22:43:57.454748
/watch?v=IsUMJwASZlY&pp=ygUOSG9pIEFuIFZpZXRuYW0%3D,/@dobochobo,dobochobo,"solo travel vlog // eating my way through danang & hoi an, learning to enjoy my own company",100K,1 year,"welcome to pt.2 of my solo travel series! i traveled from hanoi to da nang and spent a couple of days exploring the city, cafe¬†...",2026-01-21 22:43:57.456232
/watch?v=qreuL3rFyLY&pp=ygUOSG9pIEFuIFZpZXRuYW0%3D,/@TravelwithTanyaandSimon,Travel with Tanya and Simon,Hoi An After the Flood | What The Town Looks Like Today 21November #hoian #hoianflood #vietnamtravel,7.2K,2 months,Hoi An just experienced its fourth flood in a month. Today we're sharing the real aftermath and the incredible community effort¬†...,2026-01-21 22:43:57.457406
/watch?v=PD0ldizaVA0&pp=ygUOSG9pIEFuIFZpZXRuYW0%3D,/@3Vinos,3Vino's Adventures,Hoi An Vietnam by Day and Night.   1080WebShareName,No,13 hours,"1. For those who visit Hoi An Ancient Town for the first time 1.1. Introduction to Hoi An ancient town Next to the Thu Bon River, Hoi¬†...",2026-01-21 22:43:57.458915
/watch?v=TeeU6JIAZl4&pp=ygUOSG9pIEFuIFZpZXRuYW3SBwkJhwoBhyohjO8%3D,/@RobandTali,Rob and Tali,Why HOI AN is Vietnam's BEST CITY to RETIRE as a FOREIGNER,21K,9 months,Are you considering retiring or living long term in Vietnam and wondering where the ideal location is for the best expat lifestyle?,2026-01-21 22:43:57.460520
/watch?v=oEjk7LIfhKo&pp=ygUOSG9pIEFuIFZpZXRuYW0%3D,/@thelaftee,LAFTEE,"Hoi An, Vietnam Update: Worst Storm/Flood (Tropical Storm Fengshen) since 1964 (Hoi An is back!)",2.7K,2 months,"This is my final update video regarding Hoi An, Vietnam related to Tropical Storm Fengshen. It was a typhoon like storm that swept¬†...",2026-01-21 22:43:57.462124
/watch?v=DN4dAXotH6s&pp=ygUOSG9pIEFuIFZpZXRuYW0%3D,/@adventuretourstravel,Adventure Tours Travel,Hoi An Vietnam - Why Everyone Is OBSESSED with this town! üáªüá≥,41K,6 months,"Hoi An, Vietnam: Timeless Charm + Our New Travel Flip Book Reveal! Adventure Tours Travel Join Cheryl as she guides us¬†...",2026-01-21 22:43:57.463422
/watch?v=uiCokR91NhU&pp=ygUOSG9pIEFuIFZpZXRuYW0%3D,/@RaisingVoyagers,Raising Voyagers,Best thing to do in Hoi An Vietnam (river boat ride),13K,6 years,"Hoi An Vietnam has been such a magical city to visit. In our last video, we finally decide to give into the most touristy activity in Hoi¬†...",2026-01-21 22:43:57.465022
/watch?v=ffCrNCXmPh8&pp=ygUOSG9pIEFuIFZpZXRuYW3SBwkJhwoBhyohjO8%3D,/@JmBanquicio,Jm Banquicio,Let‚Äôs explore the Charming Old Town of Hoi An + Watch an Ao Dai Traditional Vietnamese Show! üáªüá≥,29K,2 years,For KLOOK hotels & activities: Book through this link: https://bit.ly/3D3oq4w and use my code JMBANQUICIO to get 5% off on¬†...,2026-01-21 22:43:57.466217
/watch?v=S5ki5ywaELg&pp=ygUOSG9pIEFuIFZpZXRuYW0%3D,/@ayngelina,Ayngelina,HOI AN Changed My Mind üáªüá≥ Why I‚Äôm Thinking About Moving Here,8.6K,6 months,"Why I want to live in Hoi An after visiting a second time. Two years after visiting Hoi An's famous ancient town, we returned to¬†...",2026-01-21 22:43:57.469434
